{"stat.walkOneCm":40610,"stat.useItem.minecraft.stone_slab":2,"stat.useItem.minecraft.torch":9,"stat.useItem.minecraft.stone":7,"stat.leaveGame":6,"stat.useItem.minecraft.tnt":51,"stat.useItem.minecraft.stonebrick":2,"stat.useItem.minecraft.carpet":55,"stat.useItem.minecraft.brick_block":2,"stat.flyOneCm":410440,"stat.jump":55,"stat.playOneMinute":61005,"stat.fallOneCm":267,"stat.useItem.minecraft.redstone":11,"stat.sneakTime":848,"stat.crouchOneCm":1295,"stat.useItem.minecraft.wool":6,"stat.timeSinceDeath":61005,"stat.useItem.minecraft.redstone_torch":2,"stat.useItem.minecraft.leaves":4,"stat.useItem.minecraft.sign":14,"stat.sprintOneCm":1646,"stat.useItem.minecraft.glass_pane":20}