{"stat.chestOpened":5,"stat.useItem.minecraft.sticky_piston":16,"stat.useItem.minecraft.painting":60,"stat.useItem.minecraft.quartz_block":106,"stat.recordPlayed":1,"stat.pickup.minecraft.redstone_torch":3,"stat.pickup.minecraft.sign":1,"stat.useItem.minecraft.stone":94,"stat.horseOneCm":1205,"stat.useItem.minecraft.repeater":28,"stat.useItem.minecraft.quartz_stairs":22,"stat.leaveGame":3,"stat.useItem.minecraft.log2":65,"stat.useItem.minecraft.bookshelf":42,"stat.useItem.minecraft.diamond_sword":11,"stat.useItem.minecraft.carpet":176,"stat.useItem.minecraft.clay":7,"stat.useItem.minecraft.flower_pot":10,"stat.jump":356,"stat.swimOneCm":5435,"stat.useItem.minecraft.planks":36,"stat.climbOneCm":205,"stat.useItem.minecraft.nether_brick_stairs":5,"stat.useItem.minecraft.trapped_chest":2,"stat.crouchOneCm":2710,"stat.useItem.minecraft.nether_brick_fence":13,"stat.useItem.minecraft.redstone_torch":14,"stat.useItem.minecraft.stone_button":25,"stat.pickup.minecraft.dirt":705,"stat.useItem.minecraft.dirt":61,"achievement.exploreAllBiomes":{"value":0,"progress":["Extreme Hills+","Roofed Forest","Extreme Hills M","Forest","River","Plains","Extreme Hills","Swampland"]},"stat.pickup.minecraft.iron_ore":21,"stat.pickup.minecraft.sand":1,"stat.useItem.minecraft.sapling":10,"stat.pickup.minecraft.hardened_clay":128,"stat.useItem.minecraft.redstone_lamp":90,"stat.useItem.minecraft.sandstone_stairs":25,"stat.useItem.minecraft.leaves2":11,"stat.pickup.minecraft.feather":2,"stat.pickup.minecraft.leather":1,"stat.useItem.minecraft.stone_brick_stairs":67,"stat.pickup.minecraft.record_cat":1,"stat.useItem.minecraft.gold_block":12,"stat.pickup.minecraft.cobblestone":16,"stat.noteblockTuned":11,"stat.useItem.minecraft.anvil":5,"stat.flyOneCm":1111372,"stat.useItem.minecraft.birch_fence":1,"stat.pickup.minecraft.cactus":3,"stat.damageDealt":319,"stat.pickup.minecraft.redstone":986,"stat.useItem.minecraft.wool":363,"stat.timeSinceDeath":213348,"stat.killEntity.Cow":2,"stat.useItem.minecraft.sign":23,"stat.useItem.minecraft.iron_shovel":28,"stat.useItem.minecraft.iron_door":3,"stat.flowerPotted":10,"stat.pickup.minecraft.record_13":1,"stat.useItem.minecraft.command_block":2,"stat.useItem.minecraft.noteblock":10,"stat.pickup.minecraft.record_11":1,"stat.walkOneCm":623305,"stat.useItem.minecraft.torch":22,"stat.trappedChestTriggered":4,"stat.useItem.minecraft.chest":4,"stat.useItem.minecraft.lever":3,"stat.useItem.minecraft.record_11":1,"stat.useItem.minecraft.log":17,"stat.useItem.minecraft.tnt":4,"stat.useItem.minecraft.cobblestone":147,"stat.useItem.minecraft.acacia_stairs":2,"stat.useItem.minecraft.armor_stand":2,"stat.useItem.minecraft.redstone_block":9,"stat.useItem.minecraft.redstone":389,"stat.useItem.minecraft.item_frame":8,"stat.useItem.minecraft.sea_lantern":124,"stat.pickup.minecraft.stone":512,"stat.pickup.minecraft.chicken":1,"stat.useItem.minecraft.stained_hardened_clay":67,"stat.useItem.minecraft.leaves":12,"stat.sprintOneCm":207879,"stat.useItem.minecraft.stone_stairs":71,"stat.useItem.minecraft.glass_pane":30,"stat.useItem.minecraft.netherrack":8,"stat.useItem.minecraft.birch_door":2,"stat.useItem.minecraft.stone_slab":211,"achievement.openInventory":196,"stat.killEntity.Chicken":1,"stat.useItem.minecraft.flint_and_steel":38,"stat.useItem.minecraft.stone_pressure_plate":3,"stat.useItem.minecraft.daylight_detector":1,"stat.mobKills":3,"stat.useItem.minecraft.stonebrick":324,"stat.useItem.minecraft.dye":253,"stat.useItem.minecraft.spruce_door":3,"stat.playOneMinute":213348,"stat.pickup.minecraft.stone_button":2,"stat.useItem.minecraft.banner":22,"stat.useItem.minecraft.ladder":13,"stat.sneakTime":2590,"stat.useItem.minecraft.birch_stairs":39,"stat.pickup.minecraft.stone_slab":9,"stat.pickup.minecraft.yellow_flower":1,"stat.useItem.minecraft.jukebox":1,"stat.diveOneCm":160,"stat.useItem.minecraft.web":71}