{"stat.walkOneCm":24213,"stat.useItem.minecraft.stone":4,"stat.useItem.minecraft.repeater":1,"stat.leaveGame":5,"stat.useItem.minecraft.bookshelf":2,"stat.useItem.minecraft.potion":2,"stat.useItem.minecraft.glowstone":4,"stat.jump":44,"stat.swimOneCm":5377,"stat.fallOneCm":2963,"stat.climbOneCm":836,"stat.useItem.minecraft.redstone":2,"stat.crouchOneCm":350,"stat.sprintOneCm":6563,"achievement.exploreAllBiomes":{"value":0,"progress":["Extreme Hills+","Forest","River","Plains","Extreme Hills"]},"stat.pickup.minecraft.ladder":1,"stat.useItem.minecraft.netherrack":12,"achievement.openInventory":18,"stat.useItem.minecraft.flint_and_steel":12,"stat.damageTaken":240,"stat.useItem.minecraft.gold_block":3,"stat.useItem.minecraft.stonebrick":15,"stat.useItem.minecraft.bucket":9,"stat.flyOneCm":113126,"stat.useItem.minecraft.monster_egg":11,"stat.playOneMinute":15421,"stat.useItem.minecraft.ladder":9,"stat.sneakTime":316,"stat.pickup.minecraft.redstone":1,"stat.timeSinceDeath":15421,"stat.useItem.minecraft.iron_door":3}