{"stat.killEntity.EntityHorse":5,"stat.useItem.minecraft.quartz_block":17,"stat.pickup.minecraft.redstone_torch":30,"stat.horseOneCm":9343,"stat.useItem.minecraft.repeater":196,"stat.leaveGame":35,"stat.useItem.minecraft.bookshelf":2,"stat.useItem.minecraft.skull":1,"stat.useItem.minecraft.lead":1,"stat.useItem.minecraft.diamond_sword":37,"stat.swimOneCm":74959,"stat.useItem.minecraft.planks":30,"stat.climbOneCm":3289,"stat.drop.minecraft.sticky_piston":1,"stat.useItem.minecraft.end_rod":3,"stat.pickup.minecraft.porkchop":2,"stat.useItem.minecraft.redstone_torch":136,"stat.useItem.minecraft.obsidian":295,"stat.useItem.minecraft.dirt":926,"achievement.exploreAllBiomes":{"value":0,"progress":["Sunflower Plains","Extreme Hills+","Roofed Forest","Extreme Hills M","Ice Plains","Forest","River","Plains","Extreme Hills","Swampland"]},"stat.useItem.minecraft.water_bucket":40,"stat.useItem.minecraft.diamond_hoe":251,"stat.useItem.minecraft.sandstone_stairs":3,"stat.useItem.minecraft.leaves2":8,"stat.useItem.minecraft.record_cat":1,"stat.flyOneCm":3785111,"stat.pickup.minecraft.redstone":75,"stat.timeSinceDeath":782678,"stat.useItem.minecraft.sign":70,"stat.useItem.minecraft.spawn_egg":5,"stat.pickup.minecraft.mutton":4,"stat.useItem.minecraft.lever":5,"stat.useItem.minecraft.potato":144,"stat.pickup.minecraft.stonebrick":1,"stat.pickup.minecraft.carpet":20,"stat.pickup.minecraft.beef":11,"stat.useItem.minecraft.redstone":709,"stat.useItem.minecraft.sea_lantern":5,"stat.useItem.minecraft.dropper":2,"stat.sprintOneCm":409107,"stat.useItem.minecraft.diamond_shovel":259,"stat.useItem.minecraft.fence":7,"stat.pickup.minecraft.skull":1,"stat.useItem.minecraft.stone_stairs":8,"stat.useItem.minecraft.stone_slab":717,"achievement.openInventory":280,"stat.useItem.minecraft.flint_and_steel":6,"stat.useItem.minecraft.wheat_seeds":290,"stat.useItem.minecraft.stone_pressure_plate":10,"stat.useItem.minecraft.carrot":144,"stat.useItem.minecraft.dye":347,"stat.useItem.minecraft.bucket":366,"stat.pickup.minecraft.spawn_egg":112,"stat.pickup.minecraft.lever":1,"stat.drop":4,"stat.playOneMinute":782678,"stat.pickup.minecraft.stone_button":5,"stat.killEntity.Sheep":5,"stat.useItem.minecraft.banner":19,"stat.useItem.minecraft.ladder":12,"stat.diveOneCm":16099,"stat.chestOpened":5,"stat.useItem.minecraft.sticky_piston":105,"stat.recordPlayed":2,"stat.pickup.minecraft.sign":2,"stat.useItem.minecraft.stone":2483,"stat.pickup.minecraft.arrow":1,"stat.useItem.minecraft.carpet":20,"stat.useItem.minecraft.stained_glass_pane":58,"stat.jump":1974,"stat.crouchOneCm":5397,"stat.useItem.minecraft.stone_button":9,"stat.useItem.minecraft.dispenser":13,"stat.dropperInspected":3,"stat.useItem.minecraft.glass":35,"stat.useItem.minecraft.sapling":111,"stat.useItem.minecraft.redstone_lamp":1,"stat.pickup.minecraft.repeater":6,"stat.pickup.minecraft.leather":3,"stat.useItem.minecraft.stone_brick_stairs":6,"stat.pickup.minecraft.record_cat":2,"stat.useItem.minecraft.gold_block":2,"stat.dispenserInspected":32,"stat.pickup.minecraft.wheat_seeds":41,"stat.useItem.minecraft.birch_fence":382,"stat.pickup.minecraft.potato":68,"stat.pickup.minecraft.lead":1,"stat.damageDealt":2767,"stat.useItem.minecraft.wool":602,"stat.useItem.minecraft.record_13":1,"stat.killEntity.Cow":11,"stat.killEntity.Pig":1,"stat.useItem.minecraft.iron_bars":17,"stat.useItem.minecraft.command_block":15,"stat.walkOneCm":2070494,"stat.useItem.minecraft.torch":6,"stat.useItem.minecraft.log":131,"stat.useItem.minecraft.comparator":5,"stat.useItem.minecraft.cobblestone":16,"stat.useItem.minecraft.tnt":294,"stat.pickup.minecraft.redstone_block":1,"stat.drop.minecraft.stonebrick":2,"stat.useItem.minecraft.redstone_block":42,"stat.useItem.minecraft.item_frame":6,"stat.useItem.minecraft.birch_fence_gate":5,"stat.pickup.minecraft.chicken":1,"stat.useItem.minecraft.stained_hardened_clay":2,"stat.pickup.minecraft.sapling":21,"stat.useItem.minecraft.leaves":1660,"stat.pickup.minecraft.banner":1,"stat.useItem.minecraft.birch_door":2,"stat.killEntity.Chicken":1,"stat.useItem.minecraft.daylight_detector":4,"stat.mobKills":23,"stat.useItem.minecraft.stonebrick":527,"stat.pickup.minecraft.torch":4,"stat.sneakTime":4545,"stat.pickup.minecraft.wool":2,"stat.drop.minecraft.arrow":1,"stat.pickup.minecraft.yellow_flower":4,"stat.useItem.minecraft.sandstone":3}